Company Name,Email (verify - best guess),Website (verify TLD),LinkedIn,Contact (Top 3 To Reach)
RoyFi,info@royfi.com,royfi.com/partnerships,linkedin.com/company/royfi-inc,"Co-Founder/CEO - Peter Harvey

Co-Founder/CTO - Corey Whiting

Partnerships/Strategy - Lars Murray"
ChordCash,info@chordcash.com,chordcash.com,,"[No LinkedIn People page pasted - send it and I'll fill top 3]"
Indify,info@indify.io,indify.io,linkedin.com/company/indify,"Head of Artist & Partner Relations - Jordan Weller

Co-founder/CEO - Shav Garg

Co-founder/COO - Connor Lawrence"
Royalty Advance Funding,parviz@royaltyadvance.com,royaltyadvance.com,,"Lead (Funding) - Parviz (310-275-3636)

[No LinkedIn People page pasted - send it for more]"
HolaTune,info@holatune.com,holatune.com,,"[No LinkedIn People page pasted - send it and I'll fill top 3]"
Snafu Records,licensing@snafurecords.com,snafurecords.com,linkedin.com/company/snafu-records,"Catalog A&R Manager & Business Developer - Laura Monzonis Molina

CEO - Ankit Desai

Commercial & Partnership Leader - Connor Picken"
