Category,Company,Website,Verified,Deal Types,Min Catalog/Artist Size,Genres/Specialty,Key Execs,Status/Closing,Broker-Friendly,Notes
Buyout/Acquisition,Duetti,duetti.com,Live-verified,Master & partial buyouts + services,Very small (~$1k+/mo earnings),"All; hip-hop, Latin, internet","Lior Tibon (COO), Christopher Nolte",Active,Yes,"$635M raised since 2022; $200M Jan 2026; 1,100+ artists in 40+ countries; #1 indie-friendly"
Buyout/Acquisition,HarbourView Equity Partners,harbourviewep.com,Carried-over,Pub + masters,Mid+ ($1M+),"Hip-hop, R&B, reggaeton, regional Mexican","Sherrese Clarke Soares (CEO), Caroline Yim",Active,Yes,"~$630M fund; T-Pain, Nelly, Bruno Mars pub; Stefflon Don Dec 2025"
Buyout/Acquisition,Influence Media Partners,influencemediapartners.com,Carried-over,Pub + masters,Mid+ ($5M+),"Hip-hop, pop, contemporary","Rene McLean, Lylette Pizarro, Lynn Hazan",Active,Maybe,"$360M ABS Jan 2025; DJ Khaled JV; BlackRock + Warner; SLANG label"
Buyout/Acquisition,Primary Wave,primarywave.com,Live-verified,Pub + masters + brand IP + admin,Mid-large,Heritage + contemporary,"Larry Mestel (CEO), Justin Shukat, Marc Caruso",Active (acquiring Kobalt - closes Q3 2026),Maybe,Brookfield partner
Buyout/Acquisition,Litmus Music,litmusmusic.com,Live-verified,Buyouts,Mid-large,"Pop, hip-hop, country, Latin","Hank Forsyth, Dan McCarroll",Active,Maybe,"Carlyle-backed; bought Opus Music Sept 2024 (Juice WRLD, Maluma, Ozuna, Rauw Alejandro); Katy Perry, Keith Urban, Randy Newman"
Buyout/Acquisition,Iconoclast,iconoclasts.cc,Carried-over,Pub + masters + NIL,Mid+,Diverse (hip-hop friendly),Olivier Chastan,In sale talks (~$500M),Maybe,"Eve, Diplo/Mad Decent, Murder Inc. masters"
Buyout/Acquisition,Iconic Artists Group,iconicartistsgroup.com,Carried-over,Buyouts + partnerships,Heritage,Heritage rock/pop,Irving Azoff,Active,No,"Beach Boys, Crosby; not indie"
Buyout/Acquisition,Shamrock Capital,shamrockcap.com,Carried-over,PE buyouts,Large,Music + film/TV rights,"Patrick Russo, Jason Sklar",Active,No (advisors only),Institutional; held Taylor Swift old masters
Buyout/Acquisition,Concord,concord.com,Live-verified,Pub + masters + label + distribution,Mid-large,All,"Bob Valentine (CEO), Steve Salm",Merging with BMG - closes H2 2026,Maybe,Owns Round Hill + Stem; Victor Victor hip-hop JV
Buyout/Acquisition,Reservoir Media (RSVR),reservoir-media.com,Live-verified,Pub + masters + admin,Mid+,"Hip-hop strong (Tommy Boy, Chrysalis), all","Golnar Khosrowshahi (CEO), Rell Lafargue",Active takeover process (Irenic ~$1.2B),Maybe,Best indie hip-hop pub at scale
Buyout/Acquisition,Anthem Entertainment,anthem.music,Live-verified,Pub + masters,Mid,"Pop, rock, country",Helen Murphy (CEO),Up for sale ($500-600M); still acquiring,Maybe,Mark Holman/Morgan Wallen Oct 2025
Buyout/Acquisition,Spirit Music Group / Lyric Capital,spiritmusicgroup.com,Carried-over,Pub + masters; hybrid,Mid-large,All; country strong,"Jon Singer, Ross Cameron",Active,No (brokers only),~$1B Weeknd deal Dec 2025; NO unsolicited submissions
Buyout/Acquisition,Chord Music Partners,chordmusic.com,Carried-over,Buyouts,Large only,"Pop, hip-hop","Matt Pincus, Dylan Pincus",Active,No,Institutional (Dundee + UMG + Apollo)
Buyout/Acquisition,Pophouse Entertainment,pophouse.se,Carried-over,Buyouts incl NIL/legacy,Large/legacy,"EDM heritage, legacy pop","Per Sundin, Bjorn Ulvaeus",Active,Maybe,"$1.3B raised; Tina Turner Mar 2026, KISS, Swedish House Mafia"
Buyout/Acquisition,Avex Music Group (US),avex.com,Carried-over,Pub buyouts + admin,Mid,"Pop, hip-hop, dance","Naoki Osada, Jenni Schwarz",Active,Maybe,$100M pub fund Apr 2026; Bruno Mars admin
Buyout/Acquisition,BEAT Music Fund (Armada),beatmusicfund.com,Live-verified,Buyouts (EDM only),Mid+,EDM only,Maykel Piron (CEO); Susanne Hazendonk (Head of Catalog),Active,Yes,$100M target (Pinnacle); ~1 deal/month; most active EDM-only buyer
Buyout/Acquisition,Create Music Group,createmusicgroup.com,Live-verified,Buyouts + label deals + services + advances,Small-mid,"Pop, EDM, internet, hip-hop","Jonathan Strauss (CEO), Alexandre Williams",Active,Yes,"$450M raise/$2.2B val; deadmau5 $55M, Monstercat, !K7, Cr2"
Buyout/Acquisition,Kilometre Music Group,kilomg.com,Carried-over,Pub buyouts,Mid,"Pop, country, hip-hop, electronic","Michael McCarty, David Quilico, Charlie Andrews",Active,Maybe,"~$130M+ deployed; Murda Beatz, Bryson Tiller"
Buyout/Acquisition,EMPIRE,empi.re,Carried-over,Distribution + label + pub + select buyouts,Small-mid,"Hip-hop, R&B, EDM (Dirtybird), Africa, Latin, country","Ghazi Shami, Tina Davis",Active,Yes,15 yrs independent; Shaboozey; highly indie-friendly
Buyout/Acquisition,Cinq Music / GoDigital,cinqmusic.com,Carried-over,Distribution + label + pub + acquisitions,Mid,"Hip-hop, Latin (regional Mexican), country","Jason Peterson, Barry Daffurn",Active,Maybe,$250M fund; GoDigital $115M Latin (Marc Anthony Dec 2025)
Buyout/Acquisition,Hallwood Media,hallwoodmedia.com,Carried-over,Producer mgmt + select acquisitions + JVs,Producer focus,"Hip-hop, pop, producer-side",Neil Jacobson,Active,Maybe,9th St JV (Rich Amiri); Jeff Bhasker points
Buyout/Acquisition,gamma.,gamma.com,Carried-over,Distribution + label + catalog,Mid (invite),"Hip-hop, all (premium)","Larry Jackson, Ike Youssef",Active,Maybe,~$1B raised (Eldridge/Apple/A24); owns Vydia
Buyout/Acquisition,Exceleration Music,excelerationmusic.com,Carried-over,Indie label investments + acquisitions,Indie label,All,"Glen Barros, Charles Caldas, Dave Hansen",Active,Maybe,Acquired Cooking Vinyl June 2025
Buyout/Acquisition,Connect Music,connectmusic.com,Live-verified,Indie financing + catalog acquisitions,Mid,All,George Monger (Founder/President/CEO),Active,Yes,"$80M Feb 2026 (Rockmont + Variant); Memphis, Black-owned; new"
Buyout/Acquisition,Seeker Music Group,seekermusic.com,Live-verified,Pub + masters + records,Mid,Songwriter-driven,Evan Bogart (Founder/CEO),Active,Maybe,$267M ABS Mar 2026 (M&G); 19000+ copyrights; bought Nu Shooz
Buyout/Acquisition,Domain Capital Group,domaincapital.com,Carried-over,Buyouts,Mid+,Country/Nashville,-,Active,Maybe,Co-acquired Miranda Lambert catalog w/ Sony Pub Jan 2026
Buyout/Acquisition,BMG,bmg.com,Live-verified,Pub + masters,Mid+,All; country strong,Thomas Coesfeld (CEO),Merging with Concord - closes H2 2026,Maybe,Still acquiring independently for now
Buyout/Acquisition,GoDigital Media Group,godigitalmg.com,Carried-over,Catalog acquisitions,Mid+,"Latin, hip-hop",-,Active,Maybe,Owns Cinq; $115M Latin play Dec 2025
Royalty Advance/Financing,beatBread,beatbread.com,Carried-over,Advances (no rights transfer),$1k-$10M+,All distributors,Peter Sinclair (CEO),Active,Yes,Smallest minimums; 12+ distributor integrations; AI underwriting
Royalty Advance/Financing,Sound Royalties,soundroyalties.com,Live-verified,Royalty financing + catalog sales support,$3k-$20M+,"Songwriters, producers, indie labels",Alex Heiche (CEO),Active,Yes,$135M funded 2025 (record); expanded to YouTube + TV
Royalty Advance/Financing,Pipeline,pipeline.fund,Live-verified,B2B advances (no rights transfer),B2B (labels/distributors/PROs),All,Matt Spetzler (Jamen Capital),Active,Yes,$200M raised; launched Jan 2026; Merlin pact
Royalty Advance/Financing,Royalty Exchange,royaltyexchange.com,Carried-over,Marketplace auctions + advances,Low thousands+,All royalty types,Antony Bruno (Pres.),Active,Yes,$190M+ transacted; open intake
Royalty Advance/Financing,SongVest,songvest.com,Carried-over,Direct sales + fractional + 5-yr advances,Low,All,Sean Peace (CEO),Active,Yes,No commission on direct sales
Royalty Advance/Financing,ANote Music,anotemusic.com,Carried-over,EU marketplace (fractional),Catalog-level,All; EU bias,"Marzio Schena, Matteo Cernuschi",Active,Maybe,Luxembourg-based
Royalty Advance/Financing,OpenWav Artist Bank,openwav.com,Live-verified,Advances against streaming (keep rights),Up to 2x annual streaming; min $8k/yr,All,Wyclef Jean + Jaeson Ma,Active (~Apr 2026),Yes,Snafu-backed; 70/30 split during recoupment; 1-5 yr terms
Royalty Advance/Financing,RoyFi (via TuneCore),tunecore.com,Carried-over,Flat-fee advances,Varies,TuneCore artists,-,Active,Maybe,Embedded in TuneCore dashboard
Royalty Advance/Financing,Royalty Advance Funding,royaltyadvance.com,Carried-over,Cash advances + buyouts,Low,All,-,Active since 1988,Yes,-
Royalty Advance/Financing,Amuse Fast Forward,amuse.io,Carried-over,Data-driven advances,Small,All,-,Active,Maybe,Now incl YouTube royalties
Royalty Advance/Financing,Indify,indify.io,Carried-over,Investor matching,Emerging artists,All,Shav Garg (CEO),Active,Maybe,-
Royalty Advance/Financing,Lyric Financial,-,Live-verified,DEFUNCT,-,-,-,DEFUNCT - parent bankrupt Sept 2024,No,REMOVE - parent Utopia/Proper entered Swiss bankruptcy
Distributor+Advance,Too Lost,toolost.com,Live-verified,Distribution + advances + acquisitions,Up to ~$1M advances,"Hip-hop, Afrobeats, internet",Greg Hirschhorn (CEO); Jay Moore (CIO),Active,Yes,Jay Moore CIO May 2026; backed AntiFragile; partners Xposure
Distributor+Advance,Symphonic / Symphonic NEXT,symphonic.com/next,Live-verified,Distribution + financing + advances + acquisitions,~$25k LTM min up to multi-million,All,Jorge Brea (CEO),Active,Yes,Symphonic NEXT launched Apr 2026
Distributor+Advance,UnitedMasters,unitedmasters.com,Carried-over,Distribution + Select advances,Select tier,"Hip-hop, R&B",-,Active,Maybe,Brand sync angle
Distributor+Advance,Stem,stem.is,Carried-over,Distribution + Scale advances,Invite tier,Indie/hip-hop,-,Concord-owned,Maybe,Powers Giant Music
Distributor+Advance,Vydia / gamma.,vydia.com,Carried-over,Distribution + label deals + advances,Invite-only,"Hip-hop, Latin",-,Under Gamma,Maybe,-
Distributor+Advance,ONErpm,onerpm.com,Carried-over,Distribution + advances + label,Open,"Latin, hip-hop, global",-,Active,Maybe,-
Distributor+Advance,Venice Music,venice.tech,Carried-over,Distribution + label services,Mid,All,Troy Carter (co-founder),Active,Maybe,-
Distributor+Advance,Ditto Music,dittomusic.com,Carried-over,Distribution + advances + label,Open,All,-,Active,Maybe,UK-based
Distributor+Advance,Believe / TuneCore,believe.com,Carried-over,Distribution + advances + label,Open,All,Thomas Maxwell (US),Active,Maybe,US Label & Artist Solutions 2026; RoyFi advances
Distributor+Advance,The Orchard (Sony),theorchard.com,Carried-over,Distribution + label services + capital,Mid-large indies,All,Brad Navin (CEO),Active,Maybe,-
Distributor+Advance,ADA (WMG),ada-music.com,Carried-over,Distribution + capital,Mid-large,All,-,Active,Maybe,Includes Revelator + 10K
Distributor+Advance,Virgin Music Group (UMG),virginmusic.com,Live-verified,Distribution + label deals + advances,Mid-large,All,JT Myers + Nat Pastor (co-CEOs); Pieter van Rijn (COO),Active,Maybe,Closed Downtown buy Feb 20 2026
Distributor+Advance,LabelWorx Elevate,labelworx.com,Carried-over,Funding + promo for indie electronic labels,Label-level,EDM/electronic,-,Active,Maybe,-
Sync/Publishing,Position Music,positionmusic.com,Carried-over,Sync + publishing + label,-,All,-,Active,Maybe,WARNING frequent impersonation - verify via official channels
Sync/Publishing,Marmoset,marmosetmusic.com,Carried-over,Sync licensing,-,All,-,Active,Maybe,Indie-friendly curated
Sync/Publishing,Musicbed,musicbed.com,Carried-over,Sync licensing,-,All,-,Active,Maybe,High-volume
Sync/Publishing,Songtradr / MassiveMusic,songtradr.com,Carried-over,Sync + rights mgmt,-,All,-,Active,Maybe,Owns MassiveMusic; impersonation risk - verify directly
Sync/Publishing,Audiosocket,audiosocket.com,Carried-over,Sync licensing,-,Indie sync,-,Active,Maybe,-
Sync/Publishing,Epidemic Sound,epidemicsound.com,Carried-over,Subscription sync,-,All,-,Active,No,Doesn't accept AI
Sync/Publishing,Artlist,artlist.io,Carried-over,Subscription sync,-,All,-,Active,No,-
Sync/Publishing,Songtrust (UMG),songtrust.com,Carried-over,Publishing admin (NOT a buyer),Open,All,-,Active,No,Admin only
Sync/Publishing,Sentric Music (Believe),sentricmusic.com,Carried-over,Admin + select advances,Open,All,-,Active,Maybe,-
Sync/Publishing,Wixen Music Publishing,wixenmusic.com,Carried-over,Admin + select acquisitions,Mid,Songwriter-focused,-,Active,No,Does NOT accept unsolicited submissions
Sync/Publishing,peermusic,peermusic.com,Carried-over,Pub buyouts + admin,Mid,Latin strong,-,Active,Maybe,Independent since 1928
Sync/Publishing,Kobalt / KOSIGN,kobaltmusic.com,Live-verified,Admin + advances + select acquisitions,Mid,"Pop, hip-hop",-,Being acquired by Primary Wave - closes Q3 2026,Maybe,Still operating; KOSIGN = indie self-serve
Database/Tool,Billboard Pro Buyers Directory,billboard.com/pro/buyers-directory,Carried-over,Curated buyer list + execs + phones,-,All,-,Active,-,Paywalled; gold standard
Database/Tool,Billboard Pro Dealmakers Directory,billboard.com/pro/dealmakers-directory,Carried-over,Brokers/attorneys/advisors,-,All,-,Active,-,Paywalled
Database/Tool,Pitchbook,pitchbook.com,Carried-over,Filter Music + Acquisitions,-,All,-,Active,-,Best for PE-side; subscription
Database/Tool,Crunchbase,crunchbase.com,Carried-over,Filter Music + acquisition,-,All,-,Active,-,Free tier limited
Database/Tool,CB Insights,cbinsights.com,Carried-over,Filter music investors,-,All,-,Active,-,Subscription
Database/Tool,Inven.ai,inven.ai,Carried-over,AI buyer-list builder,-,All,-,Active,-,Newer tool
Database/Tool,Royalty Exchange,royaltyexchange.com,Carried-over,Live listings by stream type,-,All,-,Active,-,Marketplace
Database/Tool,Rostr,rostr.cc,Carried-over,Filter Publisher/Label only,-,All,-,Active,-,No acquisition tag (known gap)
Database/Tool,Chartmetric,chartmetric.com,Carried-over,Artist analytics (buyer DD),-,All,-,Active,-,For target screening
Database/Tool,Citrin Cooperman Music Valuation,citrincooperman.com,Carried-over,Valuator (not DB),-,All,-,Active,-,Valued 566 catalogs 2025; knows everyone
Database/Tool,Green Street / Asset-Backed Alert,greenstreetnews.com,Carried-over,Tracks ABS issuers,-,All,-,Active,-,Subscription
Broker/Advisor,The Superstar Brokers,thesuperstarbrokers.com,Carried-over,Sell-side advisory,-,All,-,Active,Yes,-
Broker/Advisor,Globos Management,globosmanagement.com,Carried-over,Brokerage + label/pub,-,All,Alberto Ciccarini (CEO),Active,Yes,Italy-based
Broker/Advisor,EDM Publishing,-,Carried-over,EDM brokerage + publisher,-,EDM,-,Active,Yes,-
Broker/Advisor,Range Media Partners,rangemp.com,Carried-over,Catalog advisory,-,All,Allen Winiker,Active,Yes,Worked Weeknd deal
Broker/Advisor,Shot Tower Capital,shottower.com,Carried-over,M&A advisory,-,All,-,Active,No (high-end),Advised Recognition + Blackstone on Sony deal
Broker/Advisor,The Raine Group,raine.com,Live-verified,M&A advisory,-,All,-,Active,No (high-end),Led Duetti Series C Jan 2026; advised Opus
Broker/Advisor,MESA,mesallc.com,Carried-over,Music M&A,-,All,-,Active,Maybe,-
New Lead,GoldState Music,-,Live-verified,Catalog investor,-,All,-,Active,Maybe,Co-led strategic investment in Too Lost (w/ TA Associates)
New Lead,AntiFragile Equity Partners,-,Live-verified,Catalog acquisition startup,-,All,-,Active,Maybe,Too Lost took 7-figure stake
New Lead,Xposure Music,-,Live-verified,ML-driven catalog financing/investment,-,All,-,Active,Maybe,Too Lost commercial partner
New Lead,Sony Music Group / GIC partnership,sonymusic.com,Live-verified,Institutional catalog acquisitions,Large,Marquee catalogs,-,Active (formed Jan 28 2026),No,Vehicle behind Recognition deal
